region_class,sex,base_monthly_soum,tax_crossover_three_month_total_soum,offset_soum,tax_total_three_months_soum,monthly_normative_income_soum
Tashkent,male,3672000,4406400,-1,4406399,3672000
Tashkent,male,3672000,4406400,0,4406400,3672000
Tashkent,male,3672000,4406400,1,4406401,22032005/6
Tashkent,female,3128000,3753600,-1,3753599,3128000
Tashkent,female,3128000,3753600,0,3753600,3128000
Tashkent,female,3128000,3753600,1,3753601,18768005/6
Nukus_and_regional_centres,male,3264000,3916800,-1,3916799,3264000
Nukus_and_regional_centres,male,3264000,3916800,0,3916800,3264000
Nukus_and_regional_centres,male,3264000,3916800,1,3916801,19584005/6
Nukus_and_regional_centres,female,2720000,3264000,-1,3263999,2720000
Nukus_and_regional_centres,female,2720000,3264000,0,3264000,2720000
Nukus_and_regional_centres,female,2720000,3264000,1,3264001,16320005/6
other_cities,male,2856000,3427200,-1,3427199,2856000
other_cities,male,2856000,3427200,0,3427200,2856000
other_cities,male,2856000,3427200,1,3427201,17136005/6
other_cities,female,2312000,2774400,-1,2774399,2312000
other_cities,female,2312000,2774400,0,2774400,2312000
other_cities,female,2312000,2774400,1,2774401,13872005/6
other_administrative_units,male,2448000,2937600,-1,2937599,2448000
other_administrative_units,male,2448000,2937600,0,2937600,2448000
other_administrative_units,male,2448000,2937600,1,2937601,14688005/6
other_administrative_units,female,1904000,2284800,-1,2284799,1904000
other_administrative_units,female,1904000,2284800,0,2284800,1904000
other_administrative_units,female,1904000,2284800,1,2284801,11424005/6
